order_id,customer_id,product,price,city,booking_date
1,C82,Car,538.22,Mumbai,2023-08-23 00:00:00.000000
2,C33,htel,140.93,Bangalore,2025-01-29 00:00:00.000000
3,C79,Hotel,707.53,Mumbai,2023-09-08 00:00:00.000000
4,C100,Flight,528.42,Delhi,2023-06-06 00:00:00.000000
5,C54,Hotel,977.32,Mumbai,2023-03-22 00:00:00.000000
6,C54,Car,199.14,Mumbai,2024-07-16 00:00:00.000000
7,C82,Flight,840.11,Bangalore,2023-10-20 00:00:00.000000
8,C94,Car,140.7,Mumbai,2023-08-11 00:00:00.000000
9,C16,Flight,740.93,Mumbai,2024-03-13 00:00:00.000000
10,C59,Car,969.22,Bangalore,2024-04-12 00:00:00.000000
11,C61,Car,568.51,Mumbai,2024-05-29 00:00:00.000000
12,C66,Flight,215.57,Bangalore,2023-08-04 00:00:00.000000
13,C90,Hotel,634.53,Bangalore,2023-01-22 00:00:00.000000
14,C43,Car,762.84,Mumbai,2023-12-22 00:00:00.000000
15,C6,Flight,-100.0,Bangalore,2023-06-19 00:00:00.000000
16,C72,Flight,861.39,Mumbai,2023-12-20 00:00:00.000000
17,C36,Car,425.99,Mumbai,2024-02-12 00:00:00.000000
18,C62,Hotel,373.93,Bangalore,2024-03-22 00:00:00.000000
19,C44,Flight,380.6,Delhi,2024-01-07 00:00:00.000000
20,C21,Flight,534.94,Delhi,2024-10-26 00:00:00.000000
21,C6,Flight,872.31,Bangalore,2024-03-14 00:00:00.000000
22,C48,Car,172.2,Delhi,2024-01-23 00:00:00.000000
23,C59,Car,995.74,Bangalore,2023-06-11 00:00:00.000000
24,C69,Car,325.17,Delhi,2023-02-22 00:00:00.000000
25,C92,Flight,-100.0,Delhi,2023-04-29 00:00:00.000000
26,C4,Car,-100.0,Bangalore,2023-02-28 00:00:00.000000
27,C92,Hotel,675.54,Delhi,2027-04-12 18:15:58.482836
28,C93,Car,628.74,Delhi,2024-01-29 00:00:00.000000
29,C70,Car,393.57,Delhi,2023-08-07 00:00:00.000000
30,C93,Flight,810.96,Delhi,2023-09-02 00:00:00.000000
31,C58,Car,221.07,Bangalore,2025-01-24 00:00:00.000000
32,C38,Car,462.49,Chennai,2025-02-24 00:00:00.000000
33,C93,Hotel,780.88,,2024-06-30 00:00:00.000000
34,C41,Car,165.6,Delhi,2023-11-24 00:00:00.000000
35,C92,Car,637.68,Mumbai,2024-11-27 00:00:00.000000
36,C82,Flight,640.56,Mumbai,2024-02-11 00:00:00.000000
37,C97,Car,672.3,Mumbai,2024-10-04 00:00:00.000000
38,C60,Flight,269.87,Bangalore,2023-10-22 00:00:00.000000
39,C60,Hotel,673.38,Chennai,2025-01-31 00:00:00.000000
40,C57,Hotel,235.13,,2024-08-27 00:00:00.000000
41,C83,Flight,145.6,Chennai,03/15/2025
42,C10,Car,608.19,Chennai,2023-06-05 00:00:00.000000
43,C39,Flight,516.32,Mumbai,2025-03-08 00:00:00.000000
44,C41,Car,-100.0,Chennai,2023-02-28 00:00:00.000000
45,C52,Flight,810.98,Chennai,2023-05-01 00:00:00.000000
46,C45,Car,767.76,Bangalore,2024-05-11 00:00:00.000000
47,C82,Flight,676.69,Delhi,2024-09-08 00:00:00.000000
48,C91,Car,147.97,Mumbai,2023-06-07 00:00:00.000000
49,C22,Flight,177.17,Delhi,2024-05-14 00:00:00.000000
50,C20,Car,109.47,Delhi,2023-06-27 00:00:00.000000
51,C32,Hotel,536.47,Mumbai,2024-12-27 00:00:00.000000
52,C6,Car,118.64,Delhi,2023-02-06 00:00:00.000000
53,C58,Car,580.29,Bangalore,2024-07-09 00:00:00.000000
54,C12,Flight,422.05,Bangalore,2024-05-20 00:00:00.000000
55,C33,Hotel,546.65,Mumbai,2024-09-07 00:00:00.000000
56,C75,Hotel,276.7,Delhi,2023-04-18 00:00:00.000000
57,C62,htel,824.91,Delhi,2023-08-24 00:00:00.000000
58,C57,Flight,675.97,Mumbai,2024-08-21 00:00:00.000000
59,C83,Hotel,441.96,Mumbai,2023-02-17 00:00:00.000000
60,C2,Car,276.11,Bangalore,2023-04-20 00:00:00.000000
61,C100,Hotel,692.22,Chennai,2025-01-24 00:00:00.000000
62,C69,Car,749.57,Bangalore,2023-06-19 00:00:00.000000
63,C10,Flight,771.73,Mumbai,2024-09-18 00:00:00.000000
64,C17,Car,857.27,Mumbai,2024-03-02 00:00:00.000000
65,C32,Car,531.91,Chennai,03/15/2025
66,C71,htel,755.6,Delhi,2023-12-26 00:00:00.000000
67,C82,htel,736.92,Bangalore,2024-07-29 00:00:00.000000
68,C31,Flight,939.71,Delhi,2023-11-02 00:00:00.000000
69,C91,Car,354.39,Chennai,2024-05-30 00:00:00.000000
70,C97,Hotel,132.01,Bangalore,2024-06-09 00:00:00.000000
71,C47,Car,658.38,Mumbai,2023-12-02 00:00:00.000000
72,C79,htel,273.36,Mumbai,2023-08-21 00:00:00.000000
73,C43,htel,233.43,Delhi,2024-09-29 00:00:00.000000
74,C81,Flight,416.31,Bangalore,2023-08-15 00:00:00.000000
75,C100,Flight,372.39,Mumbai,2023-03-26 00:00:00.000000
76,C54,Flight,907.02,Chennai,2023-05-19 00:00:00.000000
77,C54,Hotel,345.7,Delhi,2023-03-27 00:00:00.000000
78,C14,Hotel,889.17,Delhi,2023-07-30 00:00:00.000000
79,C63,Car,126.47,Mumbai,2023-07-15 00:00:00.000000
80,C16,Flight,851.96,Delhi,2024-03-15 00:00:00.000000
81,C45,Flight,300.95,Bangalore,2023-09-14 00:00:00.000000
82,C43,Car,953.13,,2023-06-06 00:00:00.000000
83,C8,Car,138.82,Bangalore,2025-02-28 00:00:00.000000
84,C98,Car,987.24,Bangalore,2024-09-08 00:00:00.000000
85,C25,Car,761.74,Bangalore,2024-04-13 00:00:00.000000
86,C16,Car,855.74,Bangalore,2023-07-30 00:00:00.000000
87,C76,Hotel,776.49,Delhi,2023-11-10 00:00:00.000000
88,C43,Hotel,838.38,Chennai,03/15/2025
89,C50,Hotel,977.94,Bangalore,2023-03-08 00:00:00.000000
90,C89,Flight,552.98,Delhi,2027-04-12 18:15:58.482836
91,C14,Hotel,-100.0,Bangalore,2024-09-02 00:00:00.000000
92,C26,htel,193.14,Delhi,2023-01-15 00:00:00.000000
93,C94,Flight,392.33,Bangalore,2024-07-14 00:00:00.000000
94,C12,Hotel,509.99,Chennai,2024-12-04 00:00:00.000000
95,C12,Hotel,486.03,Delhi,2023-02-06 00:00:00.000000
96,C29,Car,180.11,Delhi,2023-08-17 00:00:00.000000
97,C45,Hotel,487.78,Delhi,2023-09-05 00:00:00.000000
98,C25,htel,542.23,Delhi,2024-05-03 00:00:00.000000
99,C3,Hotel,883.49,Chennai,2024-08-22 00:00:00.000000
100,C29,Car,914.56,Delhi,2023-04-30 00:00:00.000000
101,C71,Flight,132.29,Mumbai,2024-07-10 00:00:00.000000
102,C64,Hotel,790.31,Delhi,2023-09-16 00:00:00.000000
103,C16,Flight,598.04,Delhi,2023-02-19 00:00:00.000000
104,C58,Hotel,682.94,Bangalore,2024-06-06 00:00:00.000000
105,C95,Flight,-100.0,Delhi,2023-02-28 00:00:00.000000
106,C5,Car,158.23,Delhi,2024-03-17 00:00:00.000000
107,C79,Hotel,951.85,Delhi,2024-07-09 00:00:00.000000
108,C35,Hotel,516.04,Mumbai,2023-06-27 00:00:00.000000
109,C67,Car,286.04,Delhi,2024-04-09 00:00:00.000000
110,C85,Hotel,985.38,Mumbai,2024-09-16 00:00:00.000000
111,C69,htel,823.52,Bangalore,2024-03-15 00:00:00.000000
112,C96,htel,911.33,Bangalore,2023-08-28 00:00:00.000000
113,C13,Hotel,374.14,Mumbai,2023-09-20 00:00:00.000000
114,C93,Hotel,295.77,Mumbai,2024-07-30 00:00:00.000000
115,C62,Flight,672.96,Chennai,03/15/2025
116,C35,Hotel,286.83,Chennai,2025-01-20 00:00:00.000000
117,C72,Flight,336.67,Chennai,2023-01-30 00:00:00.000000
118,C91,Hotel,999.21,Bangalore,2024-03-06 00:00:00.000000
119,C97,Car,582.87,Delhi,03/15/2025
120,C36,Hotel,278.51,Mumbai,2024-03-10 00:00:00.000000
121,C38,Car,319.24,Chennai,2024-05-13 00:00:00.000000
122,C10,Flight,123.68,Chennai,2023-01-26 00:00:00.000000
123,C91,Flight,-100.0,Delhi,2025-01-29 00:00:00.000000
124,C84,htel,345.1,Chennai,2023-09-16 00:00:00.000000
125,C79,Car,510.86,Chennai,2024-09-21 00:00:00.000000
126,C20,Flight,564.31,Bangalore,2023-08-10 00:00:00.000000
127,C30,Hotel,633.54,Chennai,2027-04-12 18:15:58.482836
128,C42,Car,403.36,Mumbai,2024-11-19 00:00:00.000000
129,C47,Hotel,732.3,Bangalore,2024-06-05 00:00:00.000000
130,C24,htel,762.64,Chennai,2023-09-29 00:00:00.000000
131,C70,htel,584.32,Mumbai,2023-05-13 00:00:00.000000
132,C57,Hotel,313.47,Delhi,2024-11-15 00:00:00.000000
133,C75,Car,736.83,Bangalore,2023-10-20 00:00:00.000000
134,C61,Hotel,424.24,Chennai,2023-11-02 00:00:00.000000
135,C72,Car,462.57,Bangalore,2024-09-21 00:00:00.000000
136,C17,Flight,690.56,Mumbai,2023-10-08 00:00:00.000000
137,C83,Hotel,966.21,Mumbai,2023-12-03 00:00:00.000000
138,C95,Flight,712.88,Delhi,2023-04-27 00:00:00.000000
139,C80,Flight,-100.0,Mumbai,2024-05-28 00:00:00.000000
140,C76,Hotel,765.86,Mumbai,2024-03-02 00:00:00.000000
141,C56,Flight,111.88,Delhi,2023-07-29 00:00:00.000000
142,C39,Flight,765.42,Chennai,2024-02-06 00:00:00.000000
143,C94,htel,481.27,Bangalore,2024-07-12 00:00:00.000000
144,C38,Hotel,507.11,Bangalore,2025-02-19 00:00:00.000000
145,C29,Car,170.01,,2024-11-24 00:00:00.000000
146,C22,Flight,640.12,Delhi,2023-02-22 00:00:00.000000
147,C37,Hotel,727.36,Bangalore,2024-08-09 00:00:00.000000
148,C94,Flight,153.31,,2024-03-06 00:00:00.000000
149,C85,Car,886.23,Chennai,2024-03-23 00:00:00.000000
150,C68,Hotel,868.21,Bangalore,2023-02-21 00:00:00.000000
151,C96,Hotel,313.55,Mumbai,03/15/2025
152,C75,Car,519.14,Mumbai,2024-05-31 00:00:00.000000
153,C38,Hotel,670.04,Chennai,2023-03-06 00:00:00.000000
154,C38,Car,954.8,Chennai,2023-12-29 00:00:00.000000
155,C100,Flight,332.57,Chennai,2023-03-05 00:00:00.000000
156,C7,Hotel,703.69,Delhi,2024-09-29 00:00:00.000000
157,C81,Flight,945.31,Mumbai,03/15/2025
158,C56,Car,617.63,Bangalore,2024-05-03 00:00:00.000000
159,C67,Hotel,442.49,Delhi,2023-04-21 00:00:00.000000
160,C89,Car,224.27,Bangalore,2023-02-15 00:00:00.000000
161,C16,Car,327.82,Bangalore,2023-05-26 00:00:00.000000
162,C14,Car,410.71,Bangalore,2024-06-14 00:00:00.000000
163,C44,Flight,460.56,Delhi,2024-09-10 00:00:00.000000
164,C55,Hotel,108.73,Bangalore,2023-06-11 00:00:00.000000
165,C65,Hotel,887.67,Chennai,2023-09-05 00:00:00.000000
166,C58,Hotel,988.58,Bangalore,2023-08-24 00:00:00.000000
167,C4,Flight,649.98,Bangalore,2024-02-19 00:00:00.000000
168,C91,Car,732.21,Delhi,2025-03-05 00:00:00.000000
169,C87,Hotel,508.43,Mumbai,2024-03-07 00:00:00.000000
170,C65,Flight,834.53,Chennai,2024-08-01 00:00:00.000000
171,C96,Hotel,675.04,Chennai,2023-04-13 00:00:00.000000
172,C52,htel,430.76,Bangalore,2023-03-24 00:00:00.000000
173,C71,Car,604.02,,2024-01-05 00:00:00.000000
174,C4,Flight,805.14,Delhi,03/15/2025
175,C48,Hotel,424.73,Delhi,2024-11-10 00:00:00.000000
176,C15,Flight,252.16,Bangalore,2024-06-13 00:00:00.000000
177,C83,Car,851.53,Delhi,2023-07-03 00:00:00.000000
178,C10,Flight,207.91,Chennai,2024-09-10 00:00:00.000000
179,C88,Car,318.89,Chennai,2023-02-17 00:00:00.000000
180,C29,Flight,354.5,Bangalore,2025-01-24 00:00:00.000000
181,C9,Flight,788.31,Mumbai,2023-04-03 00:00:00.000000
182,C86,Flight,558.45,,2024-07-04 00:00:00.000000
183,C54,Hotel,163.49,Bangalore,2023-08-14 00:00:00.000000
184,C90,Flight,962.62,Chennai,2023-10-26 00:00:00.000000
185,C43,Car,476.53,Delhi,2027-04-12 18:15:58.482836
186,C18,Hotel,135.22,Bangalore,2023-07-07 00:00:00.000000
187,C60,Flight,490.57,Mumbai,2023-07-11 00:00:00.000000
188,C63,Car,842.96,Delhi,2024-02-11 00:00:00.000000
189,C97,Flight,970.53,Mumbai,2025-01-15 00:00:00.000000
190,C42,Flight,828.39,Delhi,2024-10-02 00:00:00.000000
191,C19,Hotel,136.36,Mumbai,03/15/2025
192,C5,Flight,168.02,Bangalore,2024-02-16 00:00:00.000000
193,C21,Car,908.01,Chennai,2023-04-12 00:00:00.000000
194,C87,htel,403.97,Mumbai,2023-10-29 00:00:00.000000
195,C92,Flight,391.57,Bangalore,2023-03-27 00:00:00.000000
196,C51,Flight,360.7,Bangalore,2024-01-20 00:00:00.000000
197,C67,Flight,875.51,Bangalore,2023-06-17 00:00:00.000000
198,C53,Hotel,247.27,Delhi,2024-01-18 00:00:00.000000
199,C97,Car,268.49,Bangalore,2023-10-17 00:00:00.000000
200,C26,Flight,758.65,Delhi,2024-12-16 00:00:00.000000
201,C100,Car,545.44,,2024-04-12 00:00:00.000000
202,C35,Flight,422.7,Delhi,03/15/2025
203,C64,Hotel,529.96,Delhi,2025-02-10 00:00:00.000000
204,C100,Flight,563.19,Mumbai,2023-12-31 00:00:00.000000
205,C71,Flight,259.65,Chennai,2023-06-15 00:00:00.000000
206,C10,Car,650.56,Delhi,2024-06-08 00:00:00.000000
207,C85,Flight,310.96,Bangalore,2023-03-01 00:00:00.000000
208,C35,Hotel,846.72,Chennai,2024-09-01 00:00:00.000000
209,C61,Flight,300.26,Chennai,2023-03-10 00:00:00.000000
210,C84,Hotel,829.25,Mumbai,2024-04-13 00:00:00.000000
211,C89,Car,817.26,Delhi,2023-07-20 00:00:00.000000
212,C79,Car,933.47,Delhi,2023-04-10 00:00:00.000000
213,C40,Hotel,864.12,Delhi,2027-04-12 18:15:58.482836
214,C6,Flight,232.28,Mumbai,03/15/2025
215,C55,Car,562.55,Delhi,2023-12-11 00:00:00.000000
216,C43,Flight,-100.0,Chennai,2024-05-26 00:00:00.000000
217,C28,Hotel,416.62,Bangalore,2023-03-08 00:00:00.000000
218,C3,Flight,843.78,Chennai,2023-10-28 00:00:00.000000
219,C26,Flight,671.97,Mumbai,2024-06-18 00:00:00.000000
220,C59,Hotel,576.07,Mumbai,2023-06-28 00:00:00.000000
221,C76,Car,820.51,Delhi,2023-07-04 00:00:00.000000
222,C11,Hotel,828.91,Bangalore,2024-09-06 00:00:00.000000
223,C80,Car,615.97,Delhi,2023-12-04 00:00:00.000000
224,C73,Car,384.47,Delhi,2024-03-30 00:00:00.000000
225,C4,Flight,175.85,Delhi,2023-05-08 00:00:00.000000
226,C30,Hotel,433.53,Delhi,2023-11-09 00:00:00.000000
227,C19,htel,370.13,Delhi,2024-11-21 00:00:00.000000
228,C73,Flight,-100.0,Bangalore,2024-08-25 00:00:00.000000
229,C38,Flight,295.38,,2023-05-23 00:00:00.000000
230,C50,Hotel,-100.0,Bangalore,03/15/2025
231,C77,Hotel,296.03,Bangalore,2023-08-04 00:00:00.000000
232,C14,Hotel,666.04,Delhi,2024-08-26 00:00:00.000000
233,C3,Car,744.3,Delhi,2024-06-28 00:00:00.000000
234,C18,Flight,323.95,Delhi,2027-04-12 18:15:58.482836
235,C12,Car,166.56,Chennai,2025-02-25 00:00:00.000000
236,C37,Hotel,-100.0,Delhi,2024-11-07 00:00:00.000000
237,C23,Flight,166.66,,2023-05-18 00:00:00.000000
238,C65,Hotel,114.75,Bangalore,2024-03-22 00:00:00.000000
239,C62,Car,848.15,Mumbai,2024-01-20 00:00:00.000000
240,C40,Hotel,235.65,Mumbai,2024-09-08 00:00:00.000000
241,C96,Flight,995.53,Chennai,2024-07-19 00:00:00.000000
242,C3,Hotel,356.05,Delhi,2024-02-03 00:00:00.000000
243,C67,Hotel,514.83,Mumbai,03/15/2025
244,C68,Car,280.25,Mumbai,2024-06-20 00:00:00.000000
245,C8,Flight,328.46,Chennai,2023-09-23 00:00:00.000000
246,C72,Hotel,840.47,Delhi,03/15/2025
247,C99,htel,682.4,Chennai,2023-03-31 00:00:00.000000
248,C74,Car,171.61,Delhi,2023-11-25 00:00:00.000000
249,C83,Car,538.03,Chennai,2023-02-24 00:00:00.000000
250,C49,htel,967.62,Delhi,2023-05-05 00:00:00.000000
251,C11,Car,106.37,Delhi,2023-04-13 00:00:00.000000
252,C14,Flight,711.93,,2024-03-18 00:00:00.000000
253,C8,Car,344.03,Delhi,2023-01-03 00:00:00.000000
254,C95,Hotel,651.04,Delhi,2023-02-11 00:00:00.000000
255,C43,Hotel,350.98,Chennai,2024-01-15 00:00:00.000000
256,C16,Flight,440.15,,2024-08-23 00:00:00.000000
257,C48,Car,-100.0,Delhi,2023-03-03 00:00:00.000000
258,C92,Hotel,437.78,Chennai,2023-06-03 00:00:00.000000
259,C11,Flight,519.63,Mumbai,2024-07-05 00:00:00.000000
260,C1,Hotel,440.28,Mumbai,2023-08-09 00:00:00.000000
261,C65,Flight,930.73,Delhi,2024-02-23 00:00:00.000000
262,C40,Car,837.93,Delhi,2024-07-24 00:00:00.000000
263,C90,Car,795.2,Chennai,2024-09-15 00:00:00.000000
264,C3,Flight,759.32,Mumbai,2025-01-28 00:00:00.000000
265,C1,Flight,812.47,Delhi,2024-09-29 00:00:00.000000
266,C7,Flight,862.79,Mumbai,2023-01-04 00:00:00.000000
267,C70,Hotel,692.24,Chennai,03/15/2025
268,C56,Car,749.79,Chennai,2024-07-23 00:00:00.000000
269,C71,Hotel,487.72,Bangalore,2023-08-10 00:00:00.000000
270,C33,Car,788.94,Mumbai,2023-03-13 00:00:00.000000
271,C43,Flight,606.62,Bangalore,2023-12-02 00:00:00.000000
272,C46,Hotel,693.06,Bangalore,2023-07-12 00:00:00.000000
273,C32,Flight,364.05,Chennai,2024-04-07 00:00:00.000000
274,C69,Flight,230.78,Mumbai,2024-02-06 00:00:00.000000
275,C62,Car,975.21,Mumbai,2023-12-16 00:00:00.000000
276,C88,Hotel,175.45,Delhi,2024-10-19 00:00:00.000000
277,C69,Car,149.59,Bangalore,2024-08-08 00:00:00.000000
278,C46,Flight,572.46,Bangalore,2023-09-08 00:00:00.000000
279,C100,Car,974.93,Delhi,2024-08-12 00:00:00.000000
280,C68,Flight,865.96,Chennai,2024-05-16 00:00:00.000000
281,C48,Hotel,409.86,Bangalore,2024-04-23 00:00:00.000000
282,C93,Hotel,126.31,Bangalore,2023-01-23 00:00:00.000000
283,C52,Hotel,241.03,Delhi,2024-03-13 00:00:00.000000
284,C16,Car,215.66,Delhi,2023-09-12 00:00:00.000000
285,C29,Hotel,333.33,Chennai,2024-06-04 00:00:00.000000
286,C80,Car,195.75,Mumbai,2024-11-12 00:00:00.000000
287,C22,Car,638.78,Chennai,2024-02-05 00:00:00.000000
288,C18,Flight,880.36,Bangalore,2025-03-06 00:00:00.000000
289,C72,Flight,104.68,,2024-09-09 00:00:00.000000
290,C27,Flight,854.75,Chennai,2023-01-11 00:00:00.000000
291,C78,Hotel,741.86,Mumbai,2024-03-11 00:00:00.000000
292,C81,Car,312.88,Chennai,2024-03-19 00:00:00.000000
293,C54,Hotel,489.83,Bangalore,2024-05-11 00:00:00.000000
294,C21,Flight,988.72,Chennai,2023-09-08 00:00:00.000000
295,C58,Flight,126.04,Delhi,2023-07-25 00:00:00.000000
296,C2,Flight,578.39,Delhi,2024-07-28 00:00:00.000000
297,C18,Car,471.33,Chennai,2024-05-27 00:00:00.000000
298,C95,Hotel,393.48,Bangalore,2024-05-11 00:00:00.000000
299,C15,Hotel,790.84,Mumbai,03/15/2025
300,C29,Flight,735.44,Bangalore,2024-03-23 00:00:00.000000
301,C1,Hotel,882.23,Mumbai,2025-01-20 00:00:00.000000
302,C50,Car,-100.0,Mumbai,2023-03-29 00:00:00.000000
303,C64,Flight,590.32,Delhi,2023-09-24 00:00:00.000000
304,C22,Flight,560.33,Delhi,2024-02-03 00:00:00.000000
305,C33,Car,444.4,Chennai,2025-02-26 00:00:00.000000
306,C100,Car,365.0,Mumbai,2024-03-10 00:00:00.000000
307,C20,Flight,927.76,Chennai,2025-02-09 00:00:00.000000
308,C27,Car,571.22,Chennai,2024-08-12 00:00:00.000000
309,C35,Flight,730.98,Bangalore,2023-02-19 00:00:00.000000
310,C62,Flight,528.69,Delhi,2023-06-06 00:00:00.000000
311,C56,Hotel,206.66,Chennai,2023-04-11 00:00:00.000000
312,C57,Flight,573.68,Mumbai,2023-12-09 00:00:00.000000
313,C3,Hotel,764.07,Mumbai,2024-05-24 00:00:00.000000
314,C100,Flight,355.09,Chennai,2025-01-21 00:00:00.000000
315,C64,Car,835.4,Mumbai,2023-08-15 00:00:00.000000
316,C92,Hotel,569.29,Delhi,2024-04-25 00:00:00.000000
317,C89,Car,510.76,Chennai,2024-08-19 00:00:00.000000
318,C33,Hotel,878.85,Bangalore,2023-08-23 00:00:00.000000
319,C50,Car,816.18,Mumbai,2024-02-23 00:00:00.000000
320,C34,Hotel,500.19,Mumbai,2023-01-04 00:00:00.000000
321,C20,Hotel,621.94,Delhi,2024-04-07 00:00:00.000000
322,C59,Flight,825.56,,2025-03-04 00:00:00.000000
323,C58,Hotel,797.45,Delhi,2023-03-03 00:00:00.000000
324,C85,Flight,353.84,Bangalore,2023-12-08 00:00:00.000000
325,C34,Hotel,539.96,Bangalore,2024-09-14 00:00:00.000000
326,C81,Car,663.74,Mumbai,2025-01-22 00:00:00.000000
327,C35,Flight,187.04,Bangalore,2025-02-21 00:00:00.000000
328,C16,Hotel,974.02,Mumbai,2024-11-05 00:00:00.000000
329,C25,Flight,317.6,Mumbai,2025-01-17 00:00:00.000000
330,C13,Hotel,339.79,Bangalore,2024-03-18 00:00:00.000000
331,C50,Hotel,681.69,Delhi,2024-02-07 00:00:00.000000
332,C1,Flight,918.14,Mumbai,03/15/2025
333,C81,Flight,552.24,Bangalore,2024-04-05 00:00:00.000000
334,C35,Hotel,527.2,Delhi,2024-09-26 00:00:00.000000
335,C39,Hotel,194.86,Mumbai,2023-02-23 00:00:00.000000
336,C1,Hotel,207.59,Mumbai,2023-11-16 00:00:00.000000
337,C44,Flight,238.42,,2023-04-19 00:00:00.000000
338,C51,Car,241.97,Mumbai,2023-04-04 00:00:00.000000
339,C79,htel,461.63,Delhi,2023-01-26 00:00:00.000000
340,C25,Car,295.81,Delhi,2027-04-12 18:15:58.482836
341,C42,Car,123.79,Delhi,2025-01-11 00:00:00.000000
342,C65,Flight,770.67,Mumbai,2023-12-14 00:00:00.000000
343,C26,Hotel,962.04,Delhi,2023-10-20 00:00:00.000000
344,C28,Car,365.16,Chennai,2023-03-20 00:00:00.000000
345,C72,Car,212.14,Delhi,2023-06-04 00:00:00.000000
346,C25,Car,742.58,Chennai,2023-06-03 00:00:00.000000
347,C51,htel,853.2,Chennai,2023-03-12 00:00:00.000000
348,C74,Hotel,646.93,Bangalore,2023-01-15 00:00:00.000000
349,C22,Car,811.42,Chennai,2023-04-25 00:00:00.000000
350,C53,Flight,393.28,Mumbai,2024-08-31 00:00:00.000000
351,C38,Car,377.54,Mumbai,2023-07-14 00:00:00.000000
352,C45,Hotel,169.59,Bangalore,03/15/2025
353,C31,Flight,873.09,Mumbai,2023-05-19 00:00:00.000000
354,C37,Hotel,789.72,Bangalore,2023-11-29 00:00:00.000000
355,C21,Car,273.57,Mumbai,2023-06-21 00:00:00.000000
356,C94,Hotel,-100.0,Delhi,2023-10-29 00:00:00.000000
357,C56,Hotel,251.55,Chennai,2023-06-11 00:00:00.000000
358,C43,Hotel,251.94,Chennai,2025-01-04 00:00:00.000000
359,C60,Car,215.77,Delhi,2024-06-04 00:00:00.000000
360,C65,Hotel,752.29,Mumbai,2024-11-03 00:00:00.000000
361,C90,Hotel,952.76,Bangalore,2023-10-06 00:00:00.000000
362,C75,Car,142.59,Delhi,2024-08-15 00:00:00.000000
363,C59,Flight,827.52,Bangalore,2023-02-16 00:00:00.000000
364,C89,Hotel,452.67,Delhi,2023-05-09 00:00:00.000000
365,C9,Car,467.91,,2023-05-15 00:00:00.000000
366,C31,Car,-100.0,Delhi,2023-05-20 00:00:00.000000
367,C34,htel,119.43,Chennai,2023-07-15 00:00:00.000000
368,C41,Hotel,581.89,Bangalore,2024-02-26 00:00:00.000000
369,C61,Hotel,752.76,Mumbai,2023-08-23 00:00:00.000000
370,C61,Hotel,431.49,Delhi,2023-12-20 00:00:00.000000
371,C14,Hotel,652.66,Chennai,2024-03-05 00:00:00.000000
372,C76,Car,424.32,Chennai,2025-02-17 00:00:00.000000
373,C30,Flight,236.83,Bangalore,2024-10-04 00:00:00.000000
374,C83,Flight,354.3,Mumbai,2023-01-12 00:00:00.000000
375,C61,Hotel,582.22,Bangalore,2023-09-03 00:00:00.000000
376,C39,Flight,539.97,Bangalore,2024-03-02 00:00:00.000000
377,C88,Car,402.71,Bangalore,2024-12-12 00:00:00.000000
378,C31,Car,720.08,Mumbai,2023-08-03 00:00:00.000000
379,C67,Flight,744.41,,2024-10-04 00:00:00.000000
380,C48,Flight,325.4,Bangalore,2024-10-20 00:00:00.000000
381,C84,Car,180.28,Chennai,2023-07-27 00:00:00.000000
382,C67,Hotel,156.71,Mumbai,2025-01-05 00:00:00.000000
383,C5,Hotel,818.2,Bangalore,2023-09-17 00:00:00.000000
384,C24,Hotel,573.55,Bangalore,2027-04-12 18:15:58.482836
385,C73,Flight,376.64,Bangalore,2024-11-04 00:00:00.000000
386,C3,Hotel,924.83,Chennai,2023-12-20 00:00:00.000000
387,C58,Car,304.82,Chennai,2025-01-09 00:00:00.000000
388,C58,Hotel,240.68,Mumbai,2024-08-19 00:00:00.000000
389,C63,htel,535.11,Mumbai,2024-07-29 00:00:00.000000
390,C15,htel,180.89,Delhi,2023-08-03 00:00:00.000000
391,C11,Flight,100.14,Mumbai,2024-11-07 00:00:00.000000
392,C28,htel,899.23,Bangalore,2023-06-17 00:00:00.000000
393,C28,Flight,714.64,Delhi,2024-03-18 00:00:00.000000
394,C44,Hotel,235.44,Delhi,2023-11-05 00:00:00.000000
395,C77,Hotel,808.99,Chennai,2027-04-12 18:15:58.482836
396,C97,Hotel,680.51,Bangalore,2024-01-25 00:00:00.000000
397,C38,Hotel,366.87,Bangalore,2024-02-07 00:00:00.000000
398,C64,Hotel,874.25,Mumbai,2024-10-03 00:00:00.000000
399,C4,Car,651.96,Delhi,03/15/2025
400,C20,Car,894.77,Mumbai,2024-06-20 00:00:00.000000
401,C73,Hotel,371.94,Delhi,2023-04-11 00:00:00.000000
402,C16,Flight,513.84,Bangalore,2024-04-18 00:00:00.000000
403,C31,Flight,368.52,Mumbai,2023-12-15 00:00:00.000000
404,C3,Flight,340.27,Chennai,2023-06-09 00:00:00.000000
405,C79,Car,589.29,Bangalore,2023-06-14 00:00:00.000000
406,C47,Flight,208.9,Bangalore,2024-02-03 00:00:00.000000
407,C33,Flight,622.73,Chennai,2023-01-21 00:00:00.000000
408,C65,htel,523.51,Delhi,2023-08-08 00:00:00.000000
409,C18,Car,673.59,Bangalore,2024-07-31 00:00:00.000000
410,C73,Flight,589.73,Chennai,2024-10-18 00:00:00.000000
411,C81,Car,907.76,Mumbai,2024-06-20 00:00:00.000000
412,C6,Hotel,762.91,Mumbai,2024-09-16 00:00:00.000000
413,C35,Flight,555.35,Chennai,03/15/2025
414,C95,Hotel,810.9,Chennai,2027-04-12 18:15:58.482836
415,C34,Hotel,311.62,Bangalore,2024-07-11 00:00:00.000000
416,C31,Hotel,706.66,Chennai,2024-12-15 00:00:00.000000
417,C41,Hotel,272.91,Bangalore,2023-02-23 00:00:00.000000
418,C19,Hotel,557.52,Mumbai,2023-11-07 00:00:00.000000
419,C3,Hotel,-100.0,Bangalore,03/15/2025
420,C27,Flight,704.29,Delhi,2025-01-28 00:00:00.000000
421,C36,Flight,-100.0,Bangalore,2024-10-01 00:00:00.000000
422,C9,htel,717.16,Mumbai,2025-02-18 00:00:00.000000
423,C73,Flight,899.59,Mumbai,2023-01-06 00:00:00.000000
424,C24,Car,382.91,Mumbai,2023-03-23 00:00:00.000000
425,C15,Car,733.88,Chennai,2024-04-24 00:00:00.000000
426,C71,Car,723.93,Chennai,2024-03-12 00:00:00.000000
427,C100,Flight,271.65,Mumbai,2024-09-11 00:00:00.000000
428,C14,Car,136.1,Delhi,2023-11-16 00:00:00.000000
429,C25,Car,818.96,Bangalore,2023-12-05 00:00:00.000000
430,C75,Flight,608.36,Delhi,2024-05-31 00:00:00.000000
431,C23,Car,109.36,Chennai,2024-08-13 00:00:00.000000
432,C19,Hotel,614.12,Chennai,2023-08-15 00:00:00.000000
433,C19,Hotel,248.01,Bangalore,2023-05-01 00:00:00.000000
434,C50,Car,196.36,Chennai,2025-01-24 00:00:00.000000
435,C96,Hotel,507.95,Delhi,2024-12-01 00:00:00.000000
436,C13,Flight,637.28,Delhi,2024-11-11 00:00:00.000000
437,C32,Flight,941.65,Chennai,2023-05-25 00:00:00.000000
438,C10,Hotel,424.23,Chennai,2024-09-15 00:00:00.000000
439,C96,Car,848.04,Delhi,2024-02-05 00:00:00.000000
440,C82,Car,845.1,Chennai,2023-08-22 00:00:00.000000
441,C97,Flight,634.68,Delhi,03/15/2025
442,C19,Car,487.46,Chennai,2025-03-10 00:00:00.000000
443,C33,Flight,141.13,Chennai,2024-01-13 00:00:00.000000
444,C65,Flight,199.09,Delhi,2024-03-29 00:00:00.000000
445,C70,Hotel,850.57,Chennai,2024-12-22 00:00:00.000000
446,C2,Car,121.95,Chennai,2023-09-06 00:00:00.000000
447,C15,Hotel,822.36,Mumbai,2025-01-13 00:00:00.000000
448,C100,htel,753.08,Delhi,2024-06-23 00:00:00.000000
449,C13,Flight,960.7,Mumbai,2024-06-18 00:00:00.000000
450,C67,Car,449.86,Bangalore,2023-03-02 00:00:00.000000
451,C62,Car,169.05,Chennai,2023-12-01 00:00:00.000000
452,C58,Flight,584.83,Mumbai,2024-03-25 00:00:00.000000
453,C88,htel,388.01,Mumbai,2024-09-10 00:00:00.000000
454,C81,Hotel,629.72,Mumbai,2023-08-23 00:00:00.000000
455,C96,Flight,781.24,Chennai,2023-06-17 00:00:00.000000
456,C29,Car,381.33,Bangalore,2025-01-18 00:00:00.000000
457,C3,htel,991.72,Mumbai,2023-12-03 00:00:00.000000
458,C54,Hotel,599.59,Chennai,2024-09-04 00:00:00.000000
459,C18,Hotel,153.41,Bangalore,2024-08-08 00:00:00.000000
460,C5,Hotel,716.28,Chennai,2024-04-16 00:00:00.000000
461,C17,Hotel,338.52,Bangalore,2023-12-26 00:00:00.000000
462,C48,Hotel,355.26,Chennai,2024-08-14 00:00:00.000000
463,C65,Flight,962.91,Chennai,2024-07-15 00:00:00.000000
464,C25,Flight,800.59,Bangalore,2025-01-22 00:00:00.000000
465,C30,Car,383.95,Delhi,2027-04-12 18:15:58.482836
466,C47,Hotel,706.37,Delhi,2023-04-10 00:00:00.000000
467,C84,Flight,761.32,Chennai,2023-02-03 00:00:00.000000
468,C66,Hotel,902.69,Bangalore,2027-04-12 18:15:58.482836
469,C2,Flight,431.51,Delhi,2024-12-17 00:00:00.000000
470,C46,Car,788.11,Chennai,2023-08-10 00:00:00.000000
471,C47,htel,929.56,Chennai,2023-08-11 00:00:00.000000
472,C83,Car,956.65,Delhi,2024-03-20 00:00:00.000000
473,C13,Car,623.83,Bangalore,03/15/2025
474,C98,Car,117.25,Bangalore,2024-09-15 00:00:00.000000
475,C15,htel,203.55,Chennai,2024-06-26 00:00:00.000000
476,C4,Hotel,247.28,Mumbai,03/15/2025
477,C62,Flight,400.29,Delhi,2024-11-12 00:00:00.000000
478,C48,Car,815.16,Chennai,2024-06-02 00:00:00.000000
479,C16,Flight,745.72,Bangalore,2024-04-11 00:00:00.000000
480,C82,Car,101.65,Delhi,2025-02-19 00:00:00.000000
481,C56,Flight,875.69,Delhi,2024-07-11 00:00:00.000000
482,C31,Flight,983.7,Chennai,2024-05-09 00:00:00.000000
483,C71,Car,516.72,Chennai,2024-03-22 00:00:00.000000
484,C47,Flight,636.58,Bangalore,2027-04-12 18:15:58.482836
485,C81,Hotel,286.3,Mumbai,2025-01-31 00:00:00.000000
486,C93,Flight,459.73,Mumbai,2023-04-29 00:00:00.000000
487,C74,Hotel,412.14,,2024-04-10 00:00:00.000000
488,C82,Flight,290.44,Delhi,2024-01-03 00:00:00.000000
489,C7,Car,657.27,Delhi,2024-04-20 00:00:00.000000
490,C14,Car,815.47,Chennai,2025-02-11 00:00:00.000000
491,C7,Car,472.93,Chennai,2024-07-28 00:00:00.000000
492,C95,Flight,521.88,Bangalore,2025-03-03 00:00:00.000000
493,C28,Hotel,978.28,Bangalore,2024-11-22 00:00:00.000000
494,C3,Car,628.84,Bangalore,2023-05-12 00:00:00.000000
495,C13,Car,770.57,Chennai,2024-04-03 00:00:00.000000
496,C8,Car,485.81,Mumbai,2023-04-30 00:00:00.000000
497,C79,Car,606.88,Chennai,2024-02-14 00:00:00.000000
498,C17,Hotel,917.97,Bangalore,2024-12-25 00:00:00.000000
499,C77,Hotel,311.53,Delhi,2023-04-09 00:00:00.000000
500,C8,htel,463.47,Delhi,03/15/2025
501,C81,Hotel,619.64,Mumbai,2024-12-24 00:00:00.000000
502,C98,Hotel,431.46,Chennai,2023-12-05 00:00:00.000000
503,C34,Car,820.88,Delhi,2024-01-02 00:00:00.000000
504,C62,Car,152.82,Chennai,2024-02-19 00:00:00.000000
505,C49,Car,689.11,Mumbai,2023-01-07 00:00:00.000000
506,C86,Car,620.0,Bangalore,2024-11-03 00:00:00.000000
507,C78,Flight,363.48,Mumbai,2024-05-03 00:00:00.000000
508,C33,Hotel,139.53,Bangalore,2024-02-16 00:00:00.000000
509,C57,Car,181.79,Delhi,2024-05-06 00:00:00.000000
510,C56,Car,820.89,,2024-08-30 00:00:00.000000
511,C53,Car,354.12,Delhi,2024-07-01 00:00:00.000000
512,C96,Hotel,486.91,Chennai,2023-10-07 00:00:00.000000
513,C33,Flight,317.14,Chennai,03/15/2025
514,C35,Car,541.9,Delhi,2025-03-09 00:00:00.000000
515,C88,Hotel,484.7,Mumbai,2024-08-24 00:00:00.000000
516,C60,Hotel,157.72,Delhi,2024-10-06 00:00:00.000000
517,C97,Flight,130.73,Delhi,2024-05-25 00:00:00.000000
518,C4,Car,472.67,Delhi,2024-04-26 00:00:00.000000
519,C45,htel,466.4,Mumbai,2024-11-16 00:00:00.000000
520,C15,Flight,466.85,Chennai,2023-01-13 00:00:00.000000
521,C76,Flight,577.78,Delhi,2023-04-04 00:00:00.000000
522,C77,Hotel,928.3,Chennai,2024-05-01 00:00:00.000000
523,C22,Hotel,419.66,Mumbai,2023-01-02 00:00:00.000000
524,C15,Car,925.76,Chennai,2024-08-28 00:00:00.000000
525,C61,Hotel,248.17,Bangalore,2027-04-12 18:15:58.482836
526,C65,Flight,737.79,Bangalore,2023-02-08 00:00:00.000000
527,C9,Flight,-100.0,Bangalore,2024-06-23 00:00:00.000000
528,C18,Car,124.98,Delhi,2024-11-06 00:00:00.000000
529,C66,Flight,651.85,Delhi,2024-06-12 00:00:00.000000
530,C82,Car,127.37,Bangalore,2023-05-07 00:00:00.000000
531,C88,Flight,720.51,Mumbai,2024-05-16 00:00:00.000000
532,C48,Car,162.76,Chennai,2025-01-18 00:00:00.000000
533,C41,Hotel,557.12,Bangalore,2023-08-28 00:00:00.000000
534,C53,Flight,781.97,Bangalore,2023-06-11 00:00:00.000000
535,C56,Flight,798.39,Bangalore,2024-10-29 00:00:00.000000
536,C86,Flight,240.07,Bangalore,2024-08-27 00:00:00.000000
537,C3,Hotel,257.69,Delhi,2025-01-08 00:00:00.000000
538,C22,Hotel,147.59,Delhi,2024-06-05 00:00:00.000000
539,C73,Hotel,634.69,Chennai,2025-01-31 00:00:00.000000
540,C95,Hotel,161.57,Delhi,2024-12-23 00:00:00.000000
541,C65,Car,103.04,Delhi,2023-10-29 00:00:00.000000
542,C67,Flight,579.51,Mumbai,03/15/2025
543,C96,Hotel,156.89,Mumbai,2024-09-13 00:00:00.000000
544,C81,Hotel,206.08,Chennai,03/15/2025
545,C26,Flight,226.68,Mumbai,2024-01-27 00:00:00.000000
546,C85,Hotel,306.78,Mumbai,2024-04-20 00:00:00.000000
547,C57,Hotel,183.09,Mumbai,03/15/2025
548,C54,Car,207.56,Delhi,2024-09-24 00:00:00.000000
549,C38,Car,287.26,Chennai,2024-08-07 00:00:00.000000
550,C27,Hotel,787.48,Bangalore,2025-02-17 00:00:00.000000
551,C40,Hotel,329.92,Delhi,2023-06-12 00:00:00.000000
552,C99,Hotel,964.26,Bangalore,2024-05-22 00:00:00.000000
553,C24,Flight,594.58,Mumbai,2023-06-13 00:00:00.000000
554,C32,Hotel,834.12,,2023-04-26 00:00:00.000000
555,C44,Flight,566.85,Bangalore,2025-03-10 00:00:00.000000
556,C87,Flight,782.97,Delhi,2025-02-22 00:00:00.000000
557,C87,Hotel,342.98,Bangalore,2024-03-28 00:00:00.000000
558,C54,Car,777.2,Chennai,2023-03-10 00:00:00.000000
559,C71,Hotel,751.76,Delhi,2023-06-20 00:00:00.000000
560,C84,Flight,788.06,Chennai,2024-06-26 00:00:00.000000
561,C97,Hotel,274.5,Mumbai,2023-10-04 00:00:00.000000
562,C71,Hotel,-100.0,Chennai,2024-07-09 00:00:00.000000
563,C61,htel,621.34,Chennai,2024-03-10 00:00:00.000000
564,C100,Car,923.77,Chennai,2024-09-02 00:00:00.000000
565,C58,Hotel,389.98,Mumbai,2024-05-06 00:00:00.000000
566,C10,Flight,880.61,Delhi,2023-11-22 00:00:00.000000
567,C19,Hotel,876.31,Delhi,2024-07-15 00:00:00.000000
568,C28,Car,813.55,Delhi,2027-04-12 18:15:58.482836
569,C9,Flight,167.14,Bangalore,2025-03-07 00:00:00.000000
570,C78,Car,256.79,Mumbai,2023-12-02 00:00:00.000000
571,C87,Flight,743.16,Bangalore,2023-11-02 00:00:00.000000
572,C100,Car,918.02,Bangalore,2023-09-17 00:00:00.000000
573,C91,Car,999.72,Mumbai,2024-10-23 00:00:00.000000
574,C78,Hotel,531.38,,03/15/2025
575,C19,Flight,877.42,Mumbai,2024-09-05 00:00:00.000000
576,C86,Hotel,745.94,Chennai,2024-07-20 00:00:00.000000
577,C65,Hotel,734.55,Delhi,2023-02-21 00:00:00.000000
578,C50,Car,107.06,Chennai,2024-11-11 00:00:00.000000
579,C33,Car,121.53,Delhi,2023-05-19 00:00:00.000000
580,C66,Hotel,152.75,Mumbai,03/15/2025
581,C78,Hotel,299.96,Mumbai,2024-12-26 00:00:00.000000
582,C12,Flight,-100.0,Delhi,2024-04-28 00:00:00.000000
583,C69,Flight,506.01,Chennai,2024-10-23 00:00:00.000000
584,C43,Flight,-100.0,Mumbai,2024-04-30 00:00:00.000000
585,C14,Flight,818.46,Mumbai,2023-03-04 00:00:00.000000
586,C84,Car,691.17,Bangalore,2025-01-16 00:00:00.000000
587,C39,Car,720.87,Delhi,2025-02-18 00:00:00.000000
588,C70,Car,806.37,Mumbai,2023-06-23 00:00:00.000000
589,C70,Car,578.59,Bangalore,2024-01-02 00:00:00.000000
590,C30,Car,554.88,Delhi,2024-08-09 00:00:00.000000
591,C46,Hotel,518.54,Bangalore,2024-03-26 00:00:00.000000
592,C75,Hotel,279.11,Delhi,2024-02-24 00:00:00.000000
593,C47,Hotel,398.11,Delhi,2024-07-22 00:00:00.000000
594,C87,Car,630.72,Delhi,2025-02-15 00:00:00.000000
595,C26,Flight,301.62,Delhi,2024-02-16 00:00:00.000000
596,C37,Flight,389.61,Delhi,2023-03-24 00:00:00.000000
597,C53,Flight,385.25,Mumbai,2023-07-21 00:00:00.000000
598,C74,Car,380.66,Bangalore,2024-05-16 00:00:00.000000
599,C47,Car,629.59,Bangalore,2024-10-06 00:00:00.000000
600,C47,Flight,515.33,Mumbai,2023-08-08 00:00:00.000000
601,C11,Car,328.6,Delhi,2024-12-13 00:00:00.000000
602,C70,Car,881.33,Delhi,2024-03-30 00:00:00.000000
603,C85,Car,645.92,Bangalore,2023-08-05 00:00:00.000000
604,C25,Hotel,165.53,Chennai,2023-01-31 00:00:00.000000
605,C27,Car,449.22,Chennai,2023-12-12 00:00:00.000000
606,C1,Hotel,556.63,Bangalore,2023-03-17 00:00:00.000000
607,C76,Hotel,900.79,Bangalore,2024-11-05 00:00:00.000000
608,C27,Hotel,704.09,Delhi,2023-10-07 00:00:00.000000
609,C30,Flight,442.84,Chennai,2027-04-12 18:15:58.482836
610,C95,Hotel,719.66,,2024-07-19 00:00:00.000000
611,C27,Car,359.49,Mumbai,2024-12-12 00:00:00.000000
612,C42,Car,641.76,,2024-03-26 00:00:00.000000
613,C52,Hotel,292.43,Chennai,2023-03-23 00:00:00.000000
614,C27,Car,145.93,Bangalore,2023-06-02 00:00:00.000000
615,C4,Hotel,205.4,Bangalore,2023-07-25 00:00:00.000000
616,C5,Flight,111.51,Mumbai,2023-05-19 00:00:00.000000
617,C100,Flight,962.91,Delhi,2025-01-29 00:00:00.000000
618,C38,Flight,599.39,Chennai,2023-05-20 00:00:00.000000
619,C30,Car,489.78,Delhi,2027-04-12 18:15:58.482836
620,C27,Flight,380.83,Mumbai,2024-11-05 00:00:00.000000
621,C1,Hotel,724.3,Mumbai,2023-05-18 00:00:00.000000
622,C79,Car,240.94,Delhi,2024-02-20 00:00:00.000000
623,C97,Flight,924.88,,2023-11-06 00:00:00.000000
624,C44,Car,774.91,Delhi,2025-02-22 00:00:00.000000
625,C20,Flight,937.23,Mumbai,2023-09-21 00:00:00.000000
626,C60,Flight,242.14,Mumbai,2024-08-13 00:00:00.000000
627,C2,Flight,167.5,Delhi,2024-01-07 00:00:00.000000
628,C16,Car,151.1,Mumbai,2023-09-02 00:00:00.000000
629,C20,Car,103.3,Bangalore,03/15/2025
630,C6,Hotel,520.53,Bangalore,2024-09-11 00:00:00.000000
631,C23,Flight,815.37,Mumbai,2024-06-29 00:00:00.000000
632,C51,Hotel,135.63,Chennai,2023-06-04 00:00:00.000000
633,C91,Flight,811.06,Mumbai,2023-11-21 00:00:00.000000
634,C4,Hotel,178.71,Delhi,2023-07-20 00:00:00.000000
635,C69,Hotel,241.38,Mumbai,03/15/2025
636,C57,Car,978.61,Delhi,2024-09-29 00:00:00.000000
637,C92,Flight,394.73,Mumbai,2024-04-24 00:00:00.000000
638,C70,Car,890.67,Chennai,2023-04-23 00:00:00.000000
639,C72,Hotel,594.7,Delhi,2024-09-27 00:00:00.000000
640,C64,Hotel,412.31,Bangalore,2023-01-23 00:00:00.000000
641,C66,Hotel,381.74,Bangalore,2025-01-12 00:00:00.000000
642,C95,Car,957.0,Mumbai,2024-01-04 00:00:00.000000
643,C61,Flight,953.4,Mumbai,2023-06-13 00:00:00.000000
644,C24,Car,552.2,Chennai,2023-12-04 00:00:00.000000
645,C46,Car,910.18,,2023-10-30 00:00:00.000000
646,C81,Hotel,511.72,Chennai,2024-10-12 00:00:00.000000
647,C13,Flight,197.13,Delhi,2023-01-18 00:00:00.000000
648,C54,Hotel,795.67,Delhi,03/15/2025
649,C29,Flight,426.09,Bangalore,2024-09-16 00:00:00.000000
650,C82,Car,653.36,Mumbai,2027-04-12 18:15:58.482836
651,C58,Flight,773.01,Mumbai,2024-05-11 00:00:00.000000
652,C49,Flight,722.78,Delhi,2024-02-04 00:00:00.000000
653,C100,Car,287.05,Bangalore,2024-03-30 00:00:00.000000
654,C59,Car,644.57,,2023-07-07 00:00:00.000000
655,C49,Flight,747.01,Chennai,03/15/2025
656,C1,htel,960.33,Chennai,2023-04-10 00:00:00.000000
657,C33,Flight,816.45,Chennai,2023-10-02 00:00:00.000000
658,C99,Flight,298.69,Mumbai,2024-12-02 00:00:00.000000
659,C22,Flight,759.32,Mumbai,2024-01-09 00:00:00.000000
660,C37,Flight,512.16,Mumbai,2024-12-05 00:00:00.000000
661,C6,Car,416.93,Delhi,2023-01-02 00:00:00.000000
662,C11,Flight,315.41,Mumbai,2023-10-22 00:00:00.000000
663,C87,Car,946.17,Delhi,2024-06-05 00:00:00.000000
664,C67,Hotel,140.7,Chennai,2023-06-24 00:00:00.000000
665,C96,htel,214.15,Bangalore,2024-07-07 00:00:00.000000
666,C81,Flight,462.4,Mumbai,2024-12-13 00:00:00.000000
667,C29,Flight,805.65,Delhi,2023-03-26 00:00:00.000000
668,C40,Car,456.52,Chennai,2024-01-23 00:00:00.000000
669,C3,Hotel,197.59,Mumbai,2023-11-21 00:00:00.000000
670,C99,Flight,410.13,Bangalore,2023-03-07 00:00:00.000000
671,C39,Car,881.66,Mumbai,2024-05-22 00:00:00.000000
672,C75,Flight,964.67,Chennai,2023-05-01 00:00:00.000000
673,C63,Hotel,345.33,Chennai,2024-04-26 00:00:00.000000
674,C79,Car,175.31,Mumbai,2024-05-25 00:00:00.000000
675,C40,Car,871.9,Mumbai,2024-03-10 00:00:00.000000
676,C15,Car,295.61,Chennai,2024-12-15 00:00:00.000000
677,C84,Flight,906.56,Chennai,2024-04-05 00:00:00.000000
678,C12,Car,149.37,Chennai,2024-09-13 00:00:00.000000
679,C83,Flight,241.97,Chennai,2025-02-04 00:00:00.000000
680,C84,Car,390.62,Bangalore,2024-07-23 00:00:00.000000
681,C50,Car,207.59,Bangalore,03/15/2025
682,C88,Car,121.87,Chennai,2024-05-05 00:00:00.000000
683,C33,Car,660.72,Chennai,2024-06-04 00:00:00.000000
684,C22,Hotel,111.73,Bangalore,2023-12-27 00:00:00.000000
685,C3,Hotel,764.22,Delhi,2024-01-18 00:00:00.000000
686,C55,Car,557.18,Mumbai,2024-10-05 00:00:00.000000
687,C8,Car,582.43,Bangalore,2023-01-27 00:00:00.000000
688,C80,Car,163.57,Bangalore,2023-09-13 00:00:00.000000
689,C47,Flight,602.57,Mumbai,2024-05-19 00:00:00.000000
690,C15,Flight,963.24,Mumbai,2023-10-12 00:00:00.000000
691,C65,Flight,306.86,Mumbai,2024-07-24 00:00:00.000000
692,C76,Car,588.97,Delhi,2024-10-13 00:00:00.000000
693,C69,Car,123.97,Chennai,2024-08-04 00:00:00.000000
694,C31,Car,247.2,Mumbai,2023-08-29 00:00:00.000000
695,C66,Hotel,945.63,Mumbai,2024-04-23 00:00:00.000000
696,C64,Hotel,402.75,Chennai,2024-12-14 00:00:00.000000
697,C100,Flight,888.81,Delhi,2024-09-05 00:00:00.000000
698,C14,Flight,343.08,Mumbai,2024-09-02 00:00:00.000000
699,C13,Car,324.05,Mumbai,2024-01-25 00:00:00.000000
700,C44,Flight,921.81,Mumbai,2023-11-16 00:00:00.000000
701,C64,htel,833.59,Bangalore,2024-07-07 00:00:00.000000
702,C55,Flight,882.1,Bangalore,2024-03-07 00:00:00.000000
703,C6,Hotel,612.04,Mumbai,2023-08-26 00:00:00.000000
704,C5,Car,821.71,Mumbai,2023-06-18 00:00:00.000000
705,C63,Hotel,240.94,Delhi,2023-01-21 00:00:00.000000
706,C33,Car,802.94,Bangalore,2024-06-29 00:00:00.000000
707,C43,Hotel,128.77,Delhi,2023-10-31 00:00:00.000000
708,C5,Car,731.15,Mumbai,2025-02-15 00:00:00.000000
709,C99,Car,269.67,Mumbai,2023-03-29 00:00:00.000000
710,C22,Hotel,551.66,Chennai,2023-02-08 00:00:00.000000
711,C19,Car,553.14,Bangalore,2024-09-03 00:00:00.000000
712,C93,Hotel,554.87,Delhi,2023-10-24 00:00:00.000000
713,C18,Hotel,976.41,Mumbai,2023-03-29 00:00:00.000000
714,C36,Flight,665.13,Bangalore,2023-01-24 00:00:00.000000
715,C29,Car,225.97,Delhi,2024-02-28 00:00:00.000000
716,C49,Flight,634.75,Mumbai,2024-09-12 00:00:00.000000
717,C35,Hotel,595.28,Mumbai,2023-02-20 00:00:00.000000
718,C100,Car,281.62,Mumbai,2025-02-18 00:00:00.000000
719,C14,Flight,874.85,Mumbai,2025-01-19 00:00:00.000000
720,C22,Car,731.12,Delhi,2024-06-25 00:00:00.000000
721,C58,Hotel,285.59,Chennai,2024-07-17 00:00:00.000000
722,C32,Flight,996.02,Mumbai,2023-12-30 00:00:00.000000
723,C67,Flight,201.69,,2024-03-23 00:00:00.000000
724,C26,Flight,137.88,Mumbai,2027-04-12 18:15:58.482836
725,C17,Flight,584.27,Delhi,2027-04-12 18:15:58.482836
726,C49,htel,631.81,Chennai,2023-01-17 00:00:00.000000
727,C18,Car,608.04,Bangalore,2023-02-21 00:00:00.000000
728,C89,Car,167.23,Chennai,2023-06-30 00:00:00.000000
729,C33,Hotel,869.41,Mumbai,2024-12-31 00:00:00.000000
730,C66,Car,468.14,Chennai,2024-06-07 00:00:00.000000
731,C25,Flight,304.04,Bangalore,2024-03-27 00:00:00.000000
732,C29,Flight,202.96,Bangalore,2024-09-03 00:00:00.000000
733,C8,Car,409.27,Bangalore,2024-04-01 00:00:00.000000
734,C55,Hotel,216.37,Mumbai,2024-10-24 00:00:00.000000
735,C58,Hotel,343.85,Chennai,2023-10-06 00:00:00.000000
736,C97,Flight,562.24,Delhi,2023-05-18 00:00:00.000000
737,C50,Hotel,312.54,Mumbai,2027-04-12 18:15:58.482836
738,C88,Hotel,997.23,Delhi,2024-08-24 00:00:00.000000
739,C93,Car,587.49,Chennai,2023-08-25 00:00:00.000000
740,C92,Flight,512.77,Bangalore,2024-07-20 00:00:00.000000
741,C78,Car,-100.0,Mumbai,2025-02-06 00:00:00.000000
742,C19,Hotel,335.24,Delhi,03/15/2025
743,C72,Hotel,430.08,Bangalore,2023-12-28 00:00:00.000000
744,C81,Hotel,519.1,Bangalore,2024-08-10 00:00:00.000000
745,C60,Car,981.54,Mumbai,2024-04-20 00:00:00.000000
746,C41,Hotel,801.04,Chennai,2023-02-07 00:00:00.000000
747,C47,Hotel,602.59,Bangalore,2024-06-28 00:00:00.000000
748,C11,Car,412.3,Chennai,2023-06-13 00:00:00.000000
749,C55,Car,896.36,Bangalore,2027-04-12 18:15:58.482836
750,C91,Hotel,256.52,Chennai,2024-05-30 00:00:00.000000
751,C48,Flight,168.04,Delhi,2024-11-26 00:00:00.000000
752,C94,Car,369.18,Delhi,2023-09-13 00:00:00.000000
753,C57,Car,644.26,Chennai,2024-05-05 00:00:00.000000
754,C83,Hotel,559.78,Delhi,2024-01-12 00:00:00.000000
755,C51,Hotel,641.86,Chennai,2024-12-23 00:00:00.000000
756,C66,Hotel,898.46,Mumbai,2024-01-16 00:00:00.000000
757,C78,Hotel,219.12,Bangalore,03/15/2025
758,C38,Flight,836.88,Bangalore,2023-07-20 00:00:00.000000
759,C27,Car,153.02,Chennai,2023-01-29 00:00:00.000000
760,C62,Hotel,778.53,Chennai,2024-01-27 00:00:00.000000
761,C36,Hotel,734.92,Chennai,2023-07-09 00:00:00.000000
762,C74,Hotel,135.41,Chennai,2023-10-05 00:00:00.000000
763,C48,Car,670.14,Chennai,2024-04-01 00:00:00.000000
764,C53,Hotel,620.32,Delhi,2023-06-20 00:00:00.000000
765,C20,Car,502.43,Mumbai,2023-06-06 00:00:00.000000
766,C26,Hotel,125.91,Bangalore,2023-09-07 00:00:00.000000
767,C52,Flight,935.81,Delhi,2024-08-22 00:00:00.000000
768,C69,Flight,872.6,Chennai,2023-10-03 00:00:00.000000
769,C12,Car,664.22,Bangalore,2023-11-10 00:00:00.000000
770,C70,Flight,496.84,Chennai,2023-04-14 00:00:00.000000
771,C55,Car,354.23,Chennai,2024-12-18 00:00:00.000000
772,C28,Flight,987.33,Bangalore,2023-10-02 00:00:00.000000
773,C25,Hotel,427.62,Chennai,03/15/2025
774,C100,Hotel,763.29,Delhi,2023-03-21 00:00:00.000000
775,C50,Hotel,931.8,Delhi,2023-01-28 00:00:00.000000
776,C34,Hotel,150.75,Delhi,2024-11-06 00:00:00.000000
777,C38,Flight,527.47,Chennai,2024-03-20 00:00:00.000000
778,C94,Flight,985.85,,2023-10-28 00:00:00.000000
779,C1,Flight,795.09,Mumbai,2023-07-29 00:00:00.000000
780,C81,Car,478.64,Bangalore,2024-09-28 00:00:00.000000
781,C6,Flight,917.53,Delhi,2024-09-25 00:00:00.000000
782,C14,Flight,132.11,Bangalore,2023-02-07 00:00:00.000000
783,C22,Hotel,476.57,Bangalore,2024-01-05 00:00:00.000000
784,C35,Car,129.77,Mumbai,2023-05-01 00:00:00.000000
785,C100,Hotel,388.99,Bangalore,2023-10-14 00:00:00.000000
786,C61,Hotel,927.0,,2023-12-14 00:00:00.000000
787,C47,Hotel,412.58,Delhi,2024-05-16 00:00:00.000000
788,C86,Car,-100.0,Chennai,2023-02-02 00:00:00.000000
789,C84,Flight,377.01,Delhi,2024-04-13 00:00:00.000000
790,C16,Hotel,762.77,Delhi,03/15/2025
791,C59,Hotel,455.17,Bangalore,2023-02-07 00:00:00.000000
792,C28,Flight,125.13,Mumbai,2024-07-14 00:00:00.000000
793,C39,Hotel,560.09,Bangalore,2023-10-28 00:00:00.000000
794,C41,Flight,621.3,Bangalore,2024-02-03 00:00:00.000000
795,C51,Flight,578.02,Chennai,2024-12-15 00:00:00.000000
796,C56,Hotel,109.26,Delhi,2023-11-24 00:00:00.000000
797,C29,Car,677.99,Delhi,2023-09-09 00:00:00.000000
798,C68,Car,152.8,Mumbai,2024-08-25 00:00:00.000000
799,C25,Hotel,298.68,Delhi,2024-01-22 00:00:00.000000
800,C78,Hotel,164.52,Bangalore,2024-02-15 00:00:00.000000
801,C65,Car,182.56,Chennai,2023-08-31 00:00:00.000000
802,C20,Flight,487.67,,2024-06-21 00:00:00.000000
803,C23,Flight,382.55,Mumbai,2024-06-12 00:00:00.000000
804,C8,Flight,474.9,Delhi,2023-11-01 00:00:00.000000
805,C9,Flight,235.37,Bangalore,2023-10-26 00:00:00.000000
806,C54,Car,177.02,Chennai,2024-12-17 00:00:00.000000
807,C89,Hotel,899.34,Bangalore,2024-05-11 00:00:00.000000
808,C44,Flight,295.39,Chennai,2025-02-19 00:00:00.000000
809,C80,Flight,845.54,Mumbai,2024-08-09 00:00:00.000000
810,C57,Car,444.75,Bangalore,2025-01-14 00:00:00.000000
811,C54,Flight,876.82,Delhi,03/15/2025
812,C49,Flight,715.08,Chennai,2024-10-31 00:00:00.000000
813,C86,Car,679.2,Bangalore,2023-08-02 00:00:00.000000
814,C56,Flight,378.96,Delhi,2023-05-04 00:00:00.000000
815,C3,Car,324.38,Bangalore,2023-05-28 00:00:00.000000
816,C26,Flight,407.3,Chennai,2025-02-18 00:00:00.000000
817,C54,Flight,832.96,Mumbai,2024-03-06 00:00:00.000000
818,C17,Flight,951.65,Bangalore,2024-08-25 00:00:00.000000
819,C86,Flight,948.8,Mumbai,2024-06-11 00:00:00.000000
820,C83,Car,542.07,Mumbai,2024-08-02 00:00:00.000000
821,C7,Car,443.89,,2024-05-31 00:00:00.000000
822,C78,Car,225.21,Mumbai,2024-07-19 00:00:00.000000
823,C97,Flight,173.13,Delhi,2024-05-06 00:00:00.000000
824,C54,Hotel,-100.0,Mumbai,2023-02-15 00:00:00.000000
825,C92,Flight,201.81,Bangalore,2025-03-05 00:00:00.000000
826,C84,htel,780.18,Delhi,2023-06-13 00:00:00.000000
827,C55,Car,190.47,Bangalore,2023-12-30 00:00:00.000000
828,C72,Hotel,793.2,Chennai,2023-11-22 00:00:00.000000
829,C74,Hotel,615.14,Mumbai,2024-03-22 00:00:00.000000
830,C92,Hotel,188.85,Mumbai,2024-04-03 00:00:00.000000
831,C31,Flight,985.94,Bangalore,2025-01-05 00:00:00.000000
832,C68,Flight,215.02,Bangalore,2023-05-10 00:00:00.000000
833,C84,Flight,657.55,Delhi,03/15/2025
834,C76,htel,800.64,,2024-08-05 00:00:00.000000
835,C41,Flight,461.69,Bangalore,2024-07-19 00:00:00.000000
836,C55,Hotel,259.39,Delhi,2023-04-06 00:00:00.000000
837,C26,Car,167.02,Chennai,2027-04-12 18:15:58.482836
838,C1,Car,301.96,Bangalore,2024-03-10 00:00:00.000000
839,C25,Car,373.97,,2024-01-21 00:00:00.000000
840,C7,Flight,840.89,Chennai,2024-02-17 00:00:00.000000
841,C67,Car,420.1,Mumbai,2024-03-08 00:00:00.000000
842,C34,Car,803.7,Mumbai,2027-04-12 18:15:58.482836
843,C55,Car,801.24,Delhi,03/15/2025
844,C26,Hotel,490.18,Bangalore,2024-07-08 00:00:00.000000
845,C33,htel,368.29,Mumbai,2023-11-24 00:00:00.000000
846,C8,Flight,813.82,Chennai,2023-03-18 00:00:00.000000
847,C38,Car,865.98,Mumbai,2024-06-17 00:00:00.000000
848,C4,Flight,720.62,Delhi,2024-11-19 00:00:00.000000
849,C85,Flight,999.38,Bangalore,2024-12-05 00:00:00.000000
850,C6,Hotel,723.04,Delhi,03/15/2025
851,C1,Car,567.6,,2023-03-06 00:00:00.000000
852,C53,Flight,833.49,Bangalore,2024-03-05 00:00:00.000000
853,C83,htel,266.62,Chennai,2023-07-01 00:00:00.000000
854,C51,Flight,465.92,Chennai,2023-06-02 00:00:00.000000
855,C69,Flight,171.14,,2024-09-21 00:00:00.000000
856,C73,Hotel,188.96,Bangalore,2024-07-01 00:00:00.000000
857,C19,Flight,218.29,Delhi,2023-08-23 00:00:00.000000
858,C14,Hotel,706.65,Bangalore,2024-11-29 00:00:00.000000
859,C43,Hotel,834.79,Chennai,2023-04-22 00:00:00.000000
860,C10,Flight,162.78,Bangalore,03/15/2025
861,C30,Hotel,493.58,Delhi,2024-08-02 00:00:00.000000
862,C26,Car,233.49,Delhi,2023-07-25 00:00:00.000000
863,C46,Car,382.9,Delhi,2024-01-27 00:00:00.000000
864,C24,Hotel,541.31,Mumbai,2023-08-30 00:00:00.000000
865,C83,Hotel,400.99,Bangalore,2023-06-30 00:00:00.000000
866,C39,Hotel,547.25,Bangalore,2025-02-26 00:00:00.000000
867,C46,Car,116.16,Bangalore,2024-10-01 00:00:00.000000
868,C92,Flight,207.39,Chennai,2025-02-28 00:00:00.000000
869,C52,Flight,195.5,Chennai,2024-05-28 00:00:00.000000
870,C69,Hotel,261.64,Delhi,2024-02-28 00:00:00.000000
871,C72,Hotel,551.04,Chennai,2023-06-14 00:00:00.000000
872,C64,Hotel,544.52,Delhi,2023-09-29 00:00:00.000000
873,C36,Hotel,540.62,Delhi,03/15/2025
874,C49,Hotel,-100.0,Mumbai,2025-02-22 00:00:00.000000
875,C7,Car,671.2,Delhi,2023-07-07 00:00:00.000000
876,C34,Flight,736.01,Bangalore,2023-12-07 00:00:00.000000
877,C19,htel,913.25,Mumbai,2023-11-07 00:00:00.000000
878,C52,Car,438.84,Bangalore,2027-04-12 18:15:58.482836
879,C35,Flight,714.99,Mumbai,2023-05-01 00:00:00.000000
880,C82,htel,102.36,Chennai,2024-06-27 00:00:00.000000
881,C56,Car,739.51,,2024-05-18 00:00:00.000000
882,C86,Hotel,476.18,Delhi,2023-12-04 00:00:00.000000
883,C29,Flight,852.51,Delhi,2024-03-05 00:00:00.000000
884,C12,Car,991.42,Chennai,2023-06-10 00:00:00.000000
885,C8,Car,840.94,Bangalore,2025-01-21 00:00:00.000000
886,C3,Hotel,-100.0,Chennai,2023-01-07 00:00:00.000000
887,C12,Car,717.93,Mumbai,2024-12-10 00:00:00.000000
888,C15,Flight,762.77,Mumbai,2024-07-07 00:00:00.000000
889,C1,Flight,167.34,Bangalore,2023-10-25 00:00:00.000000
890,C77,Flight,892.43,Bangalore,2023-09-30 00:00:00.000000
891,C52,Flight,984.38,Mumbai,2024-05-28 00:00:00.000000
892,C35,Car,690.43,Chennai,2023-01-07 00:00:00.000000
893,C75,Car,877.0,Delhi,2024-07-27 00:00:00.000000
894,C78,Flight,567.98,Chennai,2023-04-30 00:00:00.000000
895,C22,Car,-100.0,Delhi,2023-07-15 00:00:00.000000
896,C32,Hotel,212.07,Mumbai,2025-01-12 00:00:00.000000
897,C81,Car,124.98,Chennai,2024-08-13 00:00:00.000000
898,C67,Flight,297.87,Chennai,2024-01-25 00:00:00.000000
899,C72,Car,358.74,,2023-01-28 00:00:00.000000
900,C61,Car,708.33,Bangalore,2024-05-16 00:00:00.000000
901,C8,Flight,804.04,Bangalore,2024-03-10 00:00:00.000000
902,C2,Hotel,437.03,Mumbai,2023-07-03 00:00:00.000000
903,C62,Hotel,749.14,Delhi,2023-01-22 00:00:00.000000
904,C91,Flight,696.68,Chennai,2024-05-22 00:00:00.000000
905,C89,Car,135.07,Bangalore,2023-02-04 00:00:00.000000
906,C31,Car,519.65,Delhi,2025-01-29 00:00:00.000000
907,C13,Car,775.77,Mumbai,2023-02-15 00:00:00.000000
908,C16,Car,438.1,Bangalore,2023-05-24 00:00:00.000000
909,C19,Hotel,194.55,Mumbai,2024-06-01 00:00:00.000000
910,C34,Flight,128.45,Bangalore,2023-03-22 00:00:00.000000
911,C36,Car,482.2,Mumbai,2023-06-12 00:00:00.000000
912,C39,Hotel,876.84,Chennai,2024-04-11 00:00:00.000000
913,C53,Car,249.82,Bangalore,2024-08-02 00:00:00.000000
914,C44,Hotel,985.6,Bangalore,2023-03-24 00:00:00.000000
915,C64,Hotel,619.54,Chennai,2023-12-08 00:00:00.000000
916,C34,Car,379.13,,2023-05-31 00:00:00.000000
917,C77,Flight,230.47,Delhi,2023-04-26 00:00:00.000000
918,C14,Car,707.19,Bangalore,2024-08-23 00:00:00.000000
919,C93,Car,760.31,Chennai,2024-11-24 00:00:00.000000
920,C57,Flight,973.05,Chennai,2023-11-16 00:00:00.000000
921,C1,Car,222.12,Bangalore,2023-11-16 00:00:00.000000
922,C41,Hotel,629.53,Delhi,2023-08-19 00:00:00.000000
923,C19,Hotel,519.78,Delhi,2025-01-17 00:00:00.000000
924,C45,Hotel,178.04,Mumbai,2023-03-24 00:00:00.000000
925,C26,Hotel,374.33,Mumbai,2023-09-11 00:00:00.000000
926,C57,Hotel,581.66,Chennai,2024-10-15 00:00:00.000000
927,C10,Car,491.57,,2024-05-06 00:00:00.000000
928,C35,Flight,-100.0,Mumbai,2024-08-31 00:00:00.000000
929,C52,Hotel,568.65,Mumbai,2024-08-15 00:00:00.000000
930,C44,Car,752.61,Chennai,03/15/2025
931,C35,htel,410.67,Chennai,2023-11-28 00:00:00.000000
932,C51,Car,170.23,Bangalore,2023-08-01 00:00:00.000000
933,C8,Flight,681.24,Bangalore,2024-06-03 00:00:00.000000
934,C29,Car,598.5,Mumbai,2023-10-24 00:00:00.000000
935,C50,Hotel,962.3,,2023-02-16 00:00:00.000000
936,C62,Hotel,264.98,,2023-07-24 00:00:00.000000
937,C90,Hotel,310.08,Delhi,2024-11-10 00:00:00.000000
938,C67,Flight,860.63,Delhi,2024-03-22 00:00:00.000000
939,C48,Car,511.07,Mumbai,03/15/2025
940,C21,Flight,202.91,Chennai,2024-09-26 00:00:00.000000
941,C12,htel,898.19,Chennai,2024-09-30 00:00:00.000000
942,C2,Hotel,119.37,Bangalore,2024-10-05 00:00:00.000000
943,C15,Hotel,601.56,Mumbai,2024-05-10 00:00:00.000000
944,C18,Flight,292.63,Chennai,2023-07-13 00:00:00.000000
945,C13,Hotel,316.82,Chennai,2024-08-17 00:00:00.000000
946,C7,Car,786.85,Chennai,2023-08-15 00:00:00.000000
947,C46,Flight,759.28,,2023-06-04 00:00:00.000000
948,C41,Flight,885.12,Delhi,2024-02-29 00:00:00.000000
949,C56,Car,875.59,Mumbai,2025-03-02 00:00:00.000000
950,C98,Car,888.99,Bangalore,2024-01-18 00:00:00.000000
951,C55,Car,976.71,Chennai,2023-09-03 00:00:00.000000
952,C79,Car,781.96,Delhi,2027-04-12 18:15:58.482836
953,C66,Hotel,124.82,Bangalore,2023-06-01 00:00:00.000000
954,C79,Flight,361.01,Mumbai,2023-07-06 00:00:00.000000
955,C79,Hotel,631.15,Bangalore,2023-08-11 00:00:00.000000
956,C13,Hotel,894.99,Mumbai,2024-11-16 00:00:00.000000
957,C5,Car,178.23,Bangalore,2024-12-01 00:00:00.000000
958,C49,Flight,484.24,Delhi,2023-01-02 00:00:00.000000
959,C29,Hotel,828.48,Mumbai,2024-02-14 00:00:00.000000
960,C92,Car,148.85,Delhi,2027-04-12 18:15:58.482836
961,C39,Car,526.78,Bangalore,2023-11-26 00:00:00.000000
962,C36,Hotel,603.96,Bangalore,2023-01-23 00:00:00.000000
963,C24,Hotel,531.96,,2023-08-15 00:00:00.000000
964,C87,Hotel,865.09,Chennai,2025-03-05 00:00:00.000000
965,C27,Hotel,881.04,,2024-12-09 00:00:00.000000
966,C16,Flight,587.11,Chennai,2023-05-03 00:00:00.000000
967,C31,htel,127.34,Chennai,2024-10-02 00:00:00.000000
968,C33,Car,769.74,Bangalore,2023-03-24 00:00:00.000000
969,C61,Car,585.37,,2024-10-20 00:00:00.000000
970,C49,Hotel,916.72,Bangalore,2023-12-25 00:00:00.000000
971,C46,Hotel,619.43,Mumbai,2024-08-23 00:00:00.000000
972,C18,Hotel,867.14,Chennai,2024-07-03 00:00:00.000000
973,C67,Hotel,100.72,Chennai,2023-06-01 00:00:00.000000
974,C9,Flight,839.37,,2023-07-12 00:00:00.000000
975,C83,Hotel,722.67,Mumbai,2024-02-24 00:00:00.000000
976,C51,Car,258.64,Bangalore,2024-04-20 00:00:00.000000
977,C22,Car,556.65,Mumbai,2024-03-30 00:00:00.000000
978,C88,Car,514.5,Chennai,2023-11-06 00:00:00.000000
979,C57,Flight,998.76,Mumbai,2023-02-11 00:00:00.000000
980,C12,Flight,787.35,Delhi,2023-10-21 00:00:00.000000
981,C62,Flight,707.58,Chennai,2023-12-26 00:00:00.000000
982,C78,Car,-100.0,Chennai,2023-03-01 00:00:00.000000
983,C79,Flight,969.19,Mumbai,2024-07-30 00:00:00.000000
984,C7,Car,119.82,Bangalore,2023-09-03 00:00:00.000000
985,C22,Car,318.34,Chennai,2024-12-07 00:00:00.000000
986,C96,Flight,301.89,Delhi,2024-04-06 00:00:00.000000
987,C38,Hotel,131.93,Delhi,2023-02-27 00:00:00.000000
988,C98,Hotel,997.26,Chennai,2023-10-09 00:00:00.000000
989,C83,Flight,917.16,,2023-02-17 00:00:00.000000
990,C7,Car,574.5,Chennai,2024-03-07 00:00:00.000000
991,C75,Flight,240.56,Delhi,2025-01-19 00:00:00.000000
992,C61,Car,645.18,Chennai,2023-07-27 00:00:00.000000
993,C66,Car,822.95,Delhi,2024-02-27 00:00:00.000000
994,C42,Hotel,360.18,Delhi,2023-07-17 00:00:00.000000
995,C63,Car,463.93,Chennai,2024-11-08 00:00:00.000000
996,C17,Car,135.17,Mumbai,2023-12-08 00:00:00.000000
997,C34,Flight,594.22,Mumbai,2024-05-17 00:00:00.000000
998,C60,Car,538.09,Delhi,2025-01-14 00:00:00.000000
999,C23,htel,533.21,Chennai,2023-01-05 00:00:00.000000
1000,C53,Car,271.14,,2023-02-16 00:00:00.000000
134,C61,Hotel,424.24,Chennai,2023-11-02 00:00:00.000000
350,C53,Flight,393.28,Mumbai,2024-08-31 00:00:00.000000
725,C17,Flight,584.27,Delhi,2024-11-05 00:00:00.000000
654,C59,Car,644.57,Mumbai,2023-07-07 00:00:00.000000
702,C55,Flight,882.1,Bangalore,2024-03-07 00:00:00.000000
208,C35,Hotel,846.72,Chennai,2024-09-01 00:00:00.000000
430,C75,Flight,608.36,Delhi,2024-05-31 00:00:00.000000
226,C30,Hotel,433.53,Delhi,2023-11-09 00:00:00.000000
980,C12,Flight,787.35,Delhi,2023-10-21 00:00:00.000000
494,C3,Car,628.84,,2023-05-12 00:00:00.000000
618,C38,Flight,599.39,Chennai,2023-05-20 00:00:00.000000
597,C53,Flight,385.25,Mumbai,2023-07-21 00:00:00.000000
630,C6,Hotel,520.53,Bangalore,03/15/2025
119,C97,Car,582.87,Delhi,2023-07-01 00:00:00.000000
516,C60,Hotel,157.72,Delhi,2024-10-06 00:00:00.000000
585,C14,Flight,818.46,Mumbai,2027-04-12 18:15:58.482836
637,C92,Flight,394.73,Mumbai,2024-04-24 00:00:00.000000
375,C61,Hotel,582.22,Bangalore,2023-09-03 00:00:00.000000
496,C8,Car,485.81,Mumbai,2023-04-30 00:00:00.000000
999,C23,Hotel,533.21,Chennai,2023-01-05 00:00:00.000000
900,C61,Car,708.33,Bangalore,2024-05-16 00:00:00.000000
332,C1,Flight,918.14,Mumbai,2024-12-23 00:00:00.000000
681,C50,Car,207.59,Bangalore,2024-12-15 00:00:00.000000
668,C40,htel,456.52,Chennai,2024-01-23 00:00:00.000000
603,C85,Car,645.92,Bangalore,2023-08-05 00:00:00.000000
669,C3,Hotel,197.59,Mumbai,2023-11-21 00:00:00.000000
541,C65,Car,103.04,Delhi,2023-10-29 00:00:00.000000
955,C79,Hotel,631.15,Bangalore,2023-08-11 00:00:00.000000
551,C40,Hotel,329.92,Delhi,2023-06-12 00:00:00.000000
57,C62,Flight,824.91,Delhi,2023-08-24 00:00:00.000000
137,C83,Hotel,966.21,Mumbai,2023-12-03 00:00:00.000000
935,C50,Hotel,962.3,Chennai,2023-02-16 00:00:00.000000
786,C61,Hotel,927.0,Chennai,2023-12-14 00:00:00.000000
761,C36,Hotel,734.92,Chennai,03/15/2025
367,C34,Hotel,119.43,Chennai,2023-07-15 00:00:00.000000
508,C33,Hotel,139.53,Bangalore,2024-02-16 00:00:00.000000
55,C33,Hotel,546.65,Mumbai,2024-09-07 00:00:00.000000
672,C75,Flight,964.67,Chennai,2023-05-01 00:00:00.000000
523,C22,Hotel,419.66,Mumbai,2023-01-02 00:00:00.000000
986,C96,Flight,301.89,,2024-04-06 00:00:00.000000
506,C86,Car,620.0,Bangalore,2024-11-03 00:00:00.000000
420,C27,Flight,704.29,Delhi,2025-01-28 00:00:00.000000
481,C56,Flight,875.69,Delhi,2024-07-11 00:00:00.000000
738,C88,Hotel,997.23,Delhi,2024-08-24 00:00:00.000000
849,C85,Flight,999.38,Bangalore,2024-12-05 00:00:00.000000
97,C45,Hotel,487.78,Delhi,2023-09-05 00:00:00.000000
879,C35,Flight,714.99,Mumbai,2023-05-01 00:00:00.000000
143,C94,Flight,481.27,Bangalore,2024-07-12 00:00:00.000000
458,C54,Hotel,599.59,Chennai,2024-09-04 00:00:00.000000
453,C88,Flight,388.01,Mumbai,2024-09-10 00:00:00.000000
